<?xml version="1.0" encoding="UTF-8"?><rss version="2.0"
	xmlns:content="http://purl.org/rss/1.0/modules/content/"
	xmlns:dc="http://purl.org/dc/elements/1.1/"
	xmlns:atom="http://www.w3.org/2005/Atom"
	xmlns:sy="http://purl.org/rss/1.0/modules/syndication/"
	
	>
<channel>
	<title>
	Comentários sobre: FCO &#8211; Advocacy	</title>
	<atom:link href="http://localhost/pagina-exemplo/feed/" rel="self" type="application/rss+xml" />
	<link>http://localhost/</link>
	<description>Site de advocacia</description>
	<lastBuildDate>Mon, 05 Apr 2021 02:56:25 +0000</lastBuildDate>
	<sy:updatePeriod>
	hourly	</sy:updatePeriod>
	<sy:updateFrequency>
	1	</sy:updateFrequency>
	<generator>https://wordpress.org/?v=5.7</generator>
</channel>
</rss>
